relative_path,absolute_path,size_bytes,line_count,extension
backend\__init__.py,backend\__init__.py,314,13,.py
backend\api\__init__.py,backend\api\__init__.py,68,5,.py
backend\api\dependencies.py,backend\api\dependencies.py,2345,76,.py
backend\api\registry.py,backend\api\registry.py,1659,54,.py
backend\api\system.py,backend\api\system.py,1364,52,.py
backend\api\v1\__init__.py,backend\api\v1\__init__.py,232,15,.py
backend\api\v1\assets.py,backend\api\v1\assets.py,6969,190,.py
backend\api\v1\auth.py,backend\api\v1\auth.py,2071,70,.py
backend\api\v1\bcm_feedback.py,backend\api\v1\bcm_feedback.py,5457,172,.py
backend\api\v1\campaigns.py,backend\api\v1\campaigns.py,6448,201,.py
backend\api\v1\communications.py,backend\api\v1\communications.py,2830,87,.py
backend\api\v1\context.py,backend\api\v1\context.py,6159,188,.py
backend\api\v1\foundation.py,backend\api\v1\foundation.py,3058,101,.py
backend\api\v1\health.py,backend\api\v1\health.py,6482,202,.py
backend\api\v1\moves.py,backend\api\v1\moves.py,5122,164,.py
backend\api\v1\muse.py,backend\api\v1\muse.py,3644,108,.py
backend\api\v1\scraper.py,backend\api\v1\scraper.py,18140,480,.py
backend\api\v1\search.py,backend\api\v1\search.py,19550,533,.py
backend\api\v1\workspaces.py,backend\api\v1\workspaces.py,6728,201,.py
backend\app\__init__.py,backend\app\__init__.py,122,5,.py
backend\app\compression.py,backend\app\compression.py,732,25,.py
backend\app\lifespan.py,backend\app\lifespan.py,1799,66,.py
backend\app\middleware.py,backend\app\middleware.py,4517,129,.py
backend\app_factory.py,backend\app_factory.py,3127,104,.py
backend\config\settings.py,backend\config\settings.py,10279,299,.py
backend\config.py,backend\config.py,904,44,.py
backend\core\__init__.py,backend\core\__init__.py,278,10,.py
backend\core\async_tasks.py,backend\core\async_tasks.py,5556,200,.py
backend\core\cache_decorator.py,backend\core\cache_decorator.py,2772,101,.py
backend\core\db_pool.py,backend\core\db_pool.py,4961,188,.py
backend\core\query_monitor.py,backend\core\query_monitor.py,5772,191,.py
backend\core\rate_limiter.py,backend\core\rate_limiter.py,2897,98,.py
backend\core\redis_mgr.py,backend\core\redis_mgr.py,1481,54,.py
backend\core\storage_mgr.py,backend\core\storage_mgr.py,4574,142,.py
backend\core\supabase_mgr.py,backend\core\supabase_mgr.py,2253,95,.py
backend\main.py,backend\main.py,367,14,.py
backend\run_simple.py,backend\run_simple.py,409,22,.py
backend\schemas\__init__.py,backend\schemas\__init__.py,0,0,.py
backend\schemas\asset.py,backend\schemas\asset.py,1231,52,.py
backend\schemas\business_context.py,backend\schemas\business_context.py,6837,234,.py
backend\services\__init__.py,backend\services\__init__.py,1776,70,.py
backend\services\asset_service.py,backend\services\asset_service.py,7056,209,.py
backend\services\auth_service.py,backend\services\auth_service.py,5399,149,.py
backend\services\base_service.py,backend\services\base_service.py,5410,151,.py
backend\services\bcm_cache.py,backend\services\bcm_cache.py,5239,153,.py
backend\services\bcm_generation_logger.py,backend\services\bcm_generation_logger.py,3551,124,.py
backend\services\bcm_memory.py,backend\services\bcm_memory.py,6724,232,.py
backend\services\bcm_reducer.py,backend\services\bcm_reducer.py,4968,120,.py
backend\services\bcm_reflector.py,backend\services\bcm_reflector.py,10654,295,.py
backend\services\bcm_service.py,backend\services\bcm_service.py,10585,280,.py
backend\services\bcm_synthesizer.py,backend\services\bcm_synthesizer.py,13064,257,.py
backend\services\business_context_templates.py,backend\services\business_context_templates.py,3361,103,.py
backend\services\cached_queries.py,backend\services\cached_queries.py,4360,138,.py
backend\services\campaign_service.py,backend\services\campaign_service.py,3870,112,.py
backend\services\email_service.py,backend\services\email_service.py,8973,226,.py
backend\services\exceptions.py,backend\services\exceptions.py,975,32,.py
backend\services\move_service.py,backend\services\move_service.py,9277,239,.py
backend\services\muse_service.py,backend\services\muse_service.py,7719,199,.py
backend\services\prompt_compiler.py,backend\services\prompt_compiler.py,9700,272,.py
backend\services\registry.py,backend\services\registry.py,2899,83,.py
backend\services\vertex_ai_service.py,backend\services\vertex_ai_service.py,9499,269,.py
backend\tests\__init__.py,backend\tests\__init__.py,0,0,.py
backend\tests\debug\debug_entity.py,backend\tests\debug\debug_entity.py,2123,84,.py
backend\tests\verification\__init__.py,backend\tests\verification\__init__.py,0,0,.py
backend\tests\verification\test_task10_verification.py,backend\tests\verification\test_task10_verification.py,24958,623,.py
backend\tests\verification\test_task11_verification.py,backend\tests\verification\test_task11_verification.py,26389,660,.py
backend\tests\verification\test_task12_verification.py,backend\tests\verification\test_task12_verification.py,30421,776,.py
backend\tests\verification\test_task1_verification.py,backend\tests\verification\test_task1_verification.py,7956,220,.py
backend\tests\verification\test_task2_verification.py,backend\tests\verification\test_task2_verification.py,11352,309,.py
backend\tests\verification\test_task3_verification.py,backend\tests\verification\test_task3_verification.py,13136,355,.py
backend\tests\verification\test_task4_verification.py,backend\tests\verification\test_task4_verification.py,13831,383,.py
backend\tests\verification\test_task5_verification.py,backend\tests\verification\test_task5_verification.py,16633,430,.py
backend\tests\verification\test_task6_verification.py,backend\tests\verification\test_task6_verification.py,17793,471,.py
backend\tests\verification\test_task7_verification.py,backend\tests\verification\test_task7_verification.py,20056,522,.py
backend\tests\verification\test_task8_verification.py,backend\tests\verification\test_task8_verification.py,23543,594,.py
backend\tests\verification\test_task9_verification.py,backend\tests\verification\test_task9_verification.py,24782,633,.py
backend\tests\verification\test_task_decomposer.py,backend\tests\verification\test_task_decomposer.py,16225,491,.py
backend\tests\verification\verify_core_redis.py,backend\tests\verification\verify_core_redis.py,1599,53,.py
backend\tests\verification\verify_environment.py,backend\tests\verification\verify_environment.py,4070,112,.py
backend\tests\verification\verify_final.py,backend\tests\verification\verify_final.py,1467,47,.py
backend\tests\verification\verify_gcp_readiness.py,backend\tests\verification\verify_gcp_readiness.py,722,21,.py
backend\tests\verification\verify_gemini_real.py,backend\tests\verification\verify_gemini_real.py,8841,262,.py
backend\tests\verification\verify_integration.py,backend\tests\verification\verify_integration.py,5187,153,.py
backend\tests\verification\verify_redis_direct.py,backend\tests\verification\verify_redis_direct.py,847,29,.py
backend\tests\verification\verify_redis_from_code.py,backend\tests\verification\verify_redis_from_code.py,1339,47,.py
backend\tests\verification\verify_redis_standard.py,backend\tests\verification\verify_redis_standard.py,578,21,.py
backend\tests\verification\verify_redis_with_mcp_key.py,backend\tests\verification\verify_redis_with_mcp_key.py,498,17,.py
backend\tests\verification\verify_resend_connection.py,backend\tests\verification\verify_resend_connection.py,875,25,.py
backend\tests\verification\verify_supabase.py,backend\tests\verification\verify_supabase.py,2804,83,.py
backend\tests\verification\verify_supabase_connection.py,backend\tests\verification\verify_supabase_connection.py,1050,39,.py
backend\tests\verification\verify_upstash_readiness.py,backend\tests\verification\verify_upstash_readiness.py,1004,30,.py
backend\tests\verification\verify_upstash_sdk.py,backend\tests\verification\verify_upstash_sdk.py,520,19,.py
backend\tests\verification\verify_vertex_ai.py,backend\tests\verification\verify_vertex_ai.py,914,28,.py
